wavelength_nm,albedo,single_scattering_albedo,co_albedo,asymmetry,extinction_coefficient_per_m,e_folding_depth_m
300,0.9965332693,0.9999997371,2.629432413e-07,0.8837848156,1325.173671,0.5456300377
304.0272895,0.9965563459,0.9999997405,2.594548529e-07,0.8837816985,1325.676328,0.5490839902
308.1086425,0.9965663485,0.9999997429,2.570929999e-07,0.8841664832,1325.123785,0.5510286323
312.2447849,0.9964659453,0.999999728,2.719915358e-07,0.8843305506,1325.420501,0.5352718323
316.436452,0.9966069063,0.9999997497,2.502664681e-07,0.8845254704,1325.746119,0.5574716197
320.6843893,0.9966337814,0.9999997544,2.456269989e-07,0.8848459575,1325.600267,0.5620878147
324.9893522,0.9966444389,0.9999997567,2.433124775e-07,0.8852040035,1325.856242,0.5638744861
329.3521062,0.9966566754,0.9999997589,2.411172452e-07,0.8854039777,1325.439849,0.5661798107
333.7734272,0.9966797715,0.9999997628,2.372433171e-07,0.8856681791,1325.828741,0.5700379345
338.2541012,0.9967032242,0.9999997668,2.332054331e-07,0.8860065806,1325.632953,0.5742881035
342.7949252,0.9967226008,0.9999997701,2.299277885e-07,0.8862734878,1326.233872,0.5775093547
347.3967065,0.9967386329,0.9999997729,2.271499318e-07,0.8865382091,1325.574826,0.5807232569
352.0602635,0.9967527812,0.9999997754,2.24643785e-07,0.886808384,1325.821908,0.5832327223
356.7864255,0.9967804328,0.9999997795,2.20542416e-07,0.8869545936,1325.88148,0.5882697157
361.576033,0.9967982875,0.9999997824,2.176376779e-07,0.8871936625,1325.689494,0.5917165455
366.4299375,0.9968169735,0.9999997853,2.146700663e-07,0.8874193565,1325.853517,0.5951937041
371.3490023,0.9968139791,0.9999997851,2.149180393e-07,0.8875014364,1325.739216,0.5947104808
376.3341021,0.996845587,0.9999997897,2.102890109e-07,0.8877036843,1326.563693,0.6003707601
381.3861233,0.996872598,0.9999997937,2.063394096e-07,0.8878980081,1326.379763,0.6057111465
386.5059644,0.9968930185,0.9999997968,2.031552103e-07,0.8881699118,1326.009076,0.6099570836
391.6945358,0.996856896,0.9999997924,2.075748609e-07,0.8883526233,1326.518812,0.6027620731
396.9527601,0.9967172746,0.9999997739,2.261319666e-07,0.8885142595,1326.491572,0.5771434943
402.2815723,0.996623146,0.9999997612,2.387889809e-07,0.8887570497,1326.898411,0.5609276917
407.6819202,0.9965362588,0.9999997489,2.511350483e-07,0.8888117459,1326.602077,0.5469695389
413.1547639,0.9964146921,0.9999997313,2.686615731e-07,0.8889959974,1326.239451,0.5285851807
418.7010767,0.9962755041,0.9999997103,2.89697581e-07,0.8891000743,1326.476485,0.5087306993
424.3218448,0.9960114809,0.999999668,3.320005493e-07,0.8892065124,1326.079672,0.4751567144
430.0180679,0.9957373778,0.9999996213,3.786798958e-07,0.889391114,1326.575005,0.4444145579
435.7907587,0.9951743159,0.9999995151,4.848851063e-07,0.8895588564,1326.106392,0.3926154665
441.6409438,0.9946070495,0.9999993947,6.053024317e-07,0.889677106,1326.734609,0.3510665631
447.5696636,0.9940053899,0.9999992523,7.476674441e-07,0.8897819239,1326.554023,0.3157898911
453.5779723,0.9933407053,0.9999990787,9.212997296e-07,0.8900231279,1327.15069,0.2840771941
459.6669383,0.9926559881,0.9999988792,1.120841511e-06,0.8900701908,1326.765699,0.2575778946
465.8376444,0.9904772956,0.9999981127,1.887291231e-06,0.8901650935,1326.577514,0.1984527028
472.0911879,0.9906350315,0.9999981757,1.824301636e-06,0.8902057252,1326.790838,0.2017842756
478.4286808,0.9896167324,0.9999977575,2.242469155e-06,0.8903323295,1326.370437,0.181965285
484.8512502,0.9883304789,0.9999971697,2.830268647e-06,0.8905689365,1327.015564,0.1617379984
491.360038,0.9869484471,0.999996454,3.545960975e-06,0.8905585458,1326.047962,0.1446085129
497.9562017,0.9855247054,0.9999956355,4.364486837e-06,0.8906588804,1326.661388,0.130231841
504.6409143,0.9839579463,0.9999946345,5.365468796e-06,0.8907408668,1327.037795,0.1173849939
511.4153645,0.9823943783,0.999993534,6.46600329e-06,0.8908638816,1326.825549,0.1068935359
518.2807569,0.980678307,0.999992208,7.792007379e-06,0.8910099763,1326.721204,0.09732432972
525.2383124,0.9788510496,0.9999906473,9.352738196e-06,0.8910248182,1327.383212,0.08878380145
532.2892682,0.9768087411,0.9999887463,1.125366496e-05,0.8911953579,1327.956374,0.0808476738
539.4348781,0.97503654,0.9999869413,1.305868668e-05,0.891243872,1326.817492,0.07510199957
546.6764128,0.9727975478,0.9999844605,1.553948558e-05,0.8912765404,1327.07953,0.06882388453
554.0151601,0.9709261952,0.9999822469,1.77530801e-05,0.8914864001,1327.101422,0.06433419851
561.4524249,0.968804685,0.9999795111,2.048885846e-05,0.891471438,1327.924845,0.05985173049
568.9895297,0.965797862,0.9999752923,2.47077324e-05,0.8914830165,1327.660847,0.05451105114
576.6278149,0.9643771036,0.9999732099,2.679007708e-05,0.8917051062,1327.253624,0.05231824386
584.3686387,0.9622540824,0.9999698446,3.015538833e-05,0.8916818177,1327.448474,0.0493099913
592.2133776,0.9600472278,0.9999661636,3.383644848e-05,0.8917796316,1326.699197,0.04655819238
600.1634267,0.9578231055,0.9999622416,3.775836767e-05,0.8919030994,1327.715927,0.04401789318
608.2201996,0.9546306384,0.999956171,4.382903046e-05,0.8919443055,1327.703945,0.0408493258
616.385129,0.9496661944,0.9999457532,5.424682771e-05,0.8919400134,1328.310545,0.03670175697
624.6596668,0.9474246607,0.9999408232,5.917677807e-05,0.8922271519,1327.777057,0.03511239553
633.0452845,0.9437947591,0.9999319807,6.801933546e-05,0.8920470557,1327.6343,0.03277833962
641.5434733,0.9401975888,0.9999229262,7.70737958e-05,0.8923861059,1327.434085,0.0307545297
650.1557442,0.936622319,0.9999129602,8.703984278e-05,0.8922313402,1329.0852,0.02892271733
658.8836289,0.932862296,0.9999020903,9.790967347e-05,0.8924301374,1328.442563,0.02726082317
667.7286793,0.9294928597,0.9998917123,0.0001082877463,0.8925396171,1328.37812,0.0259111168
676.6924683,0.9264692773,0.9998818122,0.0001181877687,0.8925334023,1328.216565,0.02480575623
685.7765898,0.9231238457,0.9998704978,0.000129502191,0.8926823181,1327.552604,0.02369459275
694.9826593,0.9176472549,0.999850561,0.0001494390304,0.892760626,1328.00536,0.02204271775
704.3123139,0.9107894546,0.9998233266,0.0001766733966,0.892812411,1328.313982,0.02026352094
713.7672125,0.9047143568,0.9997971135,0.0002028865164,0.8928637562,1328.333124,0.01890482806
723.3490365,0.9003454689,0.999777086,0.0002229140296,0.8929309628,1327.543956,0.01804121822
733.0594897,0.8959066336,0.9997555825,0.0002444174827,0.8929605843,1328.169557,0.01721901748
742.900299,0.8898940218,0.9997251879,0.0002748121379,0.8931954179,1328.9859,0.01621300791
752.8732142,0.8812277671,0.999677016,0.0003229840413,0.8932292984,1327.782295,0.01496644248
762.9800088,0.8709229281,0.9996141973,0.0003858026889,0.893341679,1328.411662,0.01368080124
773.2224801,0.8598363031,0.9995379656,0.0004620343503,0.8931225504,1329.759249,0.01249984283
783.6024493,0.8496314759,0.9994609753,0.0005390247152,0.8930114827,1328.969141,0.01158478471
794.1217624,0.8403593783,0.999388957,0.0006110429698,0.8936271481,1328.802716,0.01085405017
804.7822898,0.8336723177,0.999329004,0.0006709960117,0.893290252,1329.691272,0.0103652785
815.5859273,0.8320680144,0.999312542,0.000687457998,0.8929669715,1329.168599,0.01025816572
826.5345961,0.8320661801,0.9993178382,0.0006821617957,0.8937946878,1328.486579,0.01026778061
837.6302431,0.8298441495,0.9992958369,0.0007041630571,0.8935121429,1329.246084,0.0101121951
848.8748414,0.8169906438,0.9991736105,0.0008263894528,0.8937156087,1329.571143,0.009324018204
860.2703905,0.8013326542,0.9990043195,0.0009956805178,0.8935057894,1329.429409,0.008502484874
871.8189168,0.7803775964,0.9987485478,0.001251452171,0.8934550412,1329.476632,0.007584925597
883.522474,0.7571221882,0.9984295347,0.001570465332,0.8940573359,1330.149408,0.006749984935
895.3831433,0.7436677048,0.998207665,0.00179233503,0.8934477134,1328.424888,0.006342452717
907.4030337,0.7369433489,0.9981128605,0.001887139484,0.8944729847,1328.70349,0.006153202723
919.5842827,0.7300733816,0.9979883696,0.002011630357,0.8941942683,1329.897773,0.005961246032
931.9290565,0.720789351,0.9978180802,0.002181919796,0.8941517919,1327.504328,0.00573504729
944.4395501,0.7106013046,0.9976263218,0.002373678214,0.8943781345,1329.032924,0.00548677061
957.1179884,0.685827092,0.9970933068,0.00290669321,0.8941923734,1330.270164,0.004957012548
969.9666258,0.65294806,0.9962880551,0.003711944935,0.8947141559,1330.53534,0.004375406117
982.9877471,0.6201826958,0.995313438,0.004686562026,0.8947011123,1329.538933,0.003896503471
996.1836679,0.5845088939,0.9940568348,0.005943165186,0.8949357292,1329.221126,0.003456947409
1009.556735,0.5449275803,0.9924121496,0.007587850442,0.8958380604,1328.530165,0.003048783807
1023.109325,0.5248779997,0.9914365758,0.00856342417,0.8961529073,1328.378954,0.002866102481
1036.84385,0.5228928682,0.991251375,0.008748625042,0.895179252,1330.534442,0.002842714065
1050.762751,0.5381537907,0.9920854717,0.007914528329,0.8958380463,1331.199653,0.002979125116
1064.868504,0.5605257173,0.9930850651,0.006914934875,0.8952732317,1328.996112,0.003200455953
1079.163616,0.575319471,0.9936981386,0.006301861427,0.8950629699,1330.707395,0.003351423697
1093.650631,0.5788170775,0.9938556971,0.006144302871,0.895341496,1330.736437,0.003390108809
1108.332123,0.5784691047,0.9938581848,0.006141815157,0.8956218519,1329.243154,0.003390563383
1123.210704,0.5687905479,0.9934665392,0.006533460783,0.8956918972,1329.812172,0.003284833821
1138.28902,0.5463443375,0.992462497,0.007537502963,0.8956073051,1330.25218,0.003058006881
1153.569751,0.5242509474,0.9914432729,0.008556727119,0.8966358255,1330.83812,0.002856009959
1169.055615,0.4618800168,0.987617586,0.01238241405,0.8969912991,1331.488915,0.002368985399
1184.749367,0.4075891507,0.983099963,0.01690003695,0.897496048,1331.958398,0.002022878638
1200.653796,0.3638361389,0.9784328864,0.0215671136,0.8985171512,1330.806793,0.001785118068
1216.77173,0.3066591307,0.9701567673,0.02984323265,0.8998324634,1330.533882,0.001511504801
1233.106037,0.2800280614,0.964943227,0.03505677298,0.8999607683,1331.492196,0.001394714117
1249.65962,0.2650038887,0.9618971715,0.03810282852,0.9010326593,1330.814004,0.001333585965
1266.435424,0.2605945507,0.9609133968,0.0390866032,0.9012757892,1331.341357,0.00131522708
1283.436431,0.263955799,0.9617798506,0.03822014943,0.9013953975,1329.866304,0.001330455174
1300.665664,0.2668933072,0.9624732368,0.03752676324,0.9013764903,1331.853375,0.001340492429
1318.126188,0.269050911,0.9629064546,0.03709354543,0.9011790634,1330.900465,0.001350227108
1335.821107,0.2695001437,0.9630500712,0.03694992878,0.9012883603,1332.477034,0.001350547832
1353.753569,0.2635626316,0.9618105862,0.0381894138,0.9017316491,1332.45689,0.001326457556
1371.92676,0.2545068877,0.9596997087,0.04030029134,0.9021127441,1330.135587,0.001292310667
1390.343914,0.2333288309,0.9539836939,0.04601630606,0.9026385747,1331.931523,0.001207658532
1409.008306,0.1487562563,0.9187838845,0.08121611554,0.9080992341,1330.825564,0.00090636872
1427.923254,0.05743988716,0.811739518,0.188260482,0.9243185984,1332.219943,0.0006126034482
1447.092121,0.0264690711,0.7054305702,0.2945694298,0.9411869498,1332.527441,0.0005165552399
1466.518318,0.01334781151,0.6169396398,0.3830603602,0.957076979,1332.183778,0.0004758474656
1486.205297,0.00925414792,0.5769638077,0.4230361923,0.9651508326,1331.606709,0.0004631913033
1506.15656,0.009148328414,0.5761884588,0.4238115412,0.9654471867,1332.510957,0.0004625445533
1526.375655,0.009956297798,0.5847206005,0.4152793995,0.9636304379,1332.091991,0.0004652352088
1546.866177,0.01142426181,0.5996849933,0.4003150067,0.9606580987,1332.373301,0.0004697519964
1567.63177,0.01362881444,0.6201795617,0.3798204383,0.9567461922,1332.768014,0.0004765223922
1588.676127,0.01703388969,0.6476339162,0.3523660838,0.9516366945,1332.251909,0.0004873454538
1610.002989,0.01994039754,0.6686848697,0.3313151303,0.9481332742,1333.583252,0.0004959102631
1631.61615,0.02209830203,0.6823884281,0.3176115719,0.9457633354,1332.918271,0.0005028655193
1653.519452,0.02445544879,0.6963288708,0.3036711292,0.9434864829,1332.567738,0.0005103204705
1675.71679,0.02797505112,0.7151980305,0.2848019695,0.9405367574,1333.053176,0.0005210541562
1698.212112,0.03179251583,0.7329131562,0.2670868438,0.9376635147,1331.461736,0.0005335155529
1721.009418,0.03587804462,0.750314428,0.249685572,0.9352093737,1333.139533,0.0005455063229
1744.112762,0.0395665127,0.764435405,0.235564595,0.933319347,1334.03765,0.0005565667067
1767.526252,0.04266231309,0.7751226773,0.2248773227,0.9318663635,1334.11834,0.0005661238315
1791.254052,0.04534801515,0.7836209154,0.2163790846,0.930676476,1333.33088,0.0005747834523
1815.30038,0.04881686841,0.7940685139,0.2059314861,0.9293925193,1334.207262,0.0005851711163
1839.669514,0.0511595599,0.800823826,0.199176174,0.9286796443,1333.902926,0.0005925916846
1864.365787,0.04413074523,0.7813408576,0.2186591424,0.9318037494,1334.135003,0.0005707221722
1889.393589,0.02508337207,0.7039256952,0.2960743048,0.9440226099,1334.749553,0.000511492155
1914.757372,0.01026890066,0.5925593656,0.4074406344,0.9636602996,1333.316449,0.0004658064043
1940.461646,0.00619933545,0.545967697,0.454032303,0.9736854945,1334.188539,0.0004526548873
1966.510982,0.005404985241,0.5359739678,0.4640260322,0.9761535498,1334.469593,0.0004500374342
1992.910012,0.005271490979,0.5344662924,0.4655337076,0.9766074626,1334.643823,0.0004495544827
2019.663431,0.005322652855,0.5354309776,0.4645690224,0.9764694007,1334.88689,0.0004496356177
2046.775995,0.005516571435,0.5380989307,0.4619010693,0.9758629098,1334.551805,0.0004503651794
2074.252527,0.006138100013,0.5465573431,0.4534426569,0.9740105607,1334.503035,0.0004523558977
2102.097912,0.007950810646,0.5697990612,0.4302009388,0.9692506225,1335.006333,0.000457923271
2130.317101,0.01213269772,0.6151013658,0.3848986342,0.9607776265,1334.575218,0.0004712345853
2158.915113,0.0183062511,0.6673539806,0.3326460194,0.9522581548,1335.587072,0.0004901752217
2187.897034,0.02567838807,0.7140309172,0.2859690828,0.9453665495,1335.466249,0.0005131651347
2217.268016,0.03233977601,0.7473302441,0.2526697559,0.9411031751,1337.026651,0.0005332494552
2247.033284,0.03691098806,0.766686989,0.233313011,0.9389125478,1336.242944,0.0005477710778
2277.198129,0.03222617688,0.7489370799,0.2510629201,0.9418222307,1333.457176,0.0005343688196
2307.767916,0.02327884374,0.7061913618,0.2938086382,0.9488043429,1336.448699,0.0005054062317
2338.748081,0.01631112756,0.6599360801,0.3400639199,0.9562038751,1335.37373,0.0004840822672
2370.144133,0.01272460848,0.6306086767,0.3693913233,0.9614456537,1335.588817,0.0004727777579
2401.961654,0.0111854693,0.6168468529,0.3831531471,0.9641750088,1334.798112,0.0004682241534
2434.206304,0.01013339549,0.6082853716,0.3917146284,0.9664245095,1337.573779,0.0004639533057
2466.883816,0.009113034651,0.5987807705,0.4012192295,0.9686469964,1337.238492,0.0004608600386
2500,0.008270149637,0.5909688888,0.4090311112,0.9706598442,1337.195394,0.0004582191645
